,position,track_name,artist,streams,url
0,1,havana,Camila Cabello,30948101,https://open.spotify.com/track/1rfofaqEpACxVEHIZBJe6W
1,2,rockstar,Post Malone,27643632,https://open.spotify.com/track/7wGoVu4Dady5GV0Sv4UIsx
2,3,river,Eminem,22610091,https://open.spotify.com/track/5UEnHoDYpsxlfzWLZIc7LD
3,4,never be the same,Camila Cabello,22147865,https://open.spotify.com/track/4eWQlBRaTjPPUlzacqEeoQ
4,5,finesse - remix; feat. cardi b,Bruno Mars,20387864,https://open.spotify.com/track/3Vo4wInECJQuz9BIBMOu8i
5,6,wolves,Selena Gomez,19988924,https://open.spotify.com/track/7EmGUiUaOSGDnUUQUDrOXC
6,7,new rules,Dua Lipa,18995153,https://open.spotify.com/track/2ekn2ttSfGqwhhate0LSR0
7,8,échame la culpa,Luis Fonsi,18805967,https://open.spotify.com/track/1zsG4eaZmkA1dvjDDsAGLK
8,9,him & i,G-Eazy,18382651,https://open.spotify.com/track/5k38wzpLb15YgncyWdTZE4
9,10,let you down,NF,18001200,https://open.spotify.com/track/6mrKP2jyIQmM0rw6fQryjr
10,11,perfect,Ed Sheeran,17656931,https://open.spotify.com/track/0tgVpDi06FyKpA1z0VMD4v
11,12,what lovers do,Maroon 5,15740695,https://open.spotify.com/track/3hBBKuWJfxlIlnd9QFoC8k
12,13,all the stars,Kendrick Lamar,15234862,https://open.spotify.com/track/12SJpYZEdj4kzWZ8FPFg4Y
13,14,i fall apart,Post Malone,14771304,https://open.spotify.com/track/75ZvA4QfFiZvzhj2xkaWAh
14,15,shape of you,Ed Sheeran,14554752,https://open.spotify.com/track/7qiZfU4dY1lWllzX7mPBI3
15,16,let me go,Hailee Steinfeld,14468450,https://open.spotify.com/track/5AEtlRudpgdT5FtNiuly6Y
16,17,perfect duet,Ed Sheeran,14299195,https://open.spotify.com/track/1bhUWB0zJMIKr9yVPrkEuI
17,18,silence,Marshmello,14092774,https://open.spotify.com/track/7vGuf3Y35N4wmASOKLUVVU
18,19,too good at goodbyes,Sam Smith,13975396,https://open.spotify.com/track/1mXVgsBdtIVeCLJnSnmtdV
19,20,no limit,G-Eazy,13736849,https://open.spotify.com/track/2DQ1ITjI0YoLFzuADN1ZBW
20,21,idgaf,Dua Lipa,13574219,https://open.spotify.com/track/76cy1WJvNGJTj78UqeA5zr
21,22,corazón,Maluma,13150393,https://open.spotify.com/track/4lESS6vuruP6a79KWRaQou
22,23,i miss you,Clean Bandit,12895814,https://open.spotify.com/track/2xmrfQpmS2iJExTlklLoAL
23,24,downtown,Anitta,12734008,https://open.spotify.com/track/3Ga6eKrUFf12ouh9Yw3v2D
24,25,meant to be,Bebe Rexha,12557300,https://open.spotify.com/track/7iDa6hUg2VgEL1o1HjmfBn
25,26,bartier cardi,Cardi B,12397391,https://open.spotify.com/track/75FDPwaULRdYDn4StFN2rT
26,27,dusk till dawn - radio edit,ZAYN,12324517,https://open.spotify.com/track/1j4kHkkpqZRBwE0A4CN4Yv
27,28,gucci gang,Lil Pump,12167832,https://open.spotify.com/track/43ZyHQITOjhciSUUNPVRHc
28,29,rewrite the stars,Zac Efron,12070167,https://open.spotify.com/track/630sXRhIcfwr2e4RdNtjKN
29,30,sensualidad,Bad Bunny,12017547,https://open.spotify.com/track/5hcisvFMidkMJlElTO9Qmw
30,31,my my my!,Troye Sivan,11670886,https://open.spotify.com/track/2Tq2R8sRftNEqdgJK5HadO
31,32,criminal,Natti Natasha,11418342,https://open.spotify.com/track/6Za3190Sbw39BBC77WSS1C
32,33,déjala que vuelva,Piso 21,11275743,https://open.spotify.com/track/33bnxcjePIkcmNjEFTJX0l
33,34,thunder,Imagine Dragons,11188503,https://open.spotify.com/track/0tKcYR2II1VCQWT79i5NrW
34,35,this is me,Keala Settle,11134991,https://open.spotify.com/track/2xGjteMU3E1tkEPVFBO08U
35,36,real friends,Camila Cabello,10930220,https://open.spotify.com/track/3iq9nhbI8fcnNamxMft1uv
36,37,how long,Charlie Puth,10637332,https://open.spotify.com/track/32DGGj6KlNuBr6WaqRxpxi
37,38,xo tour llif3,Lil Uzi Vert,10578589,https://open.spotify.com/track/7GX5flRQZVHRAGd6B4TmDO
38,39,young dumb & broke,Khalid,10306613,https://open.spotify.com/track/5Z3GHaZ6ec9bsiI5BenrbY
39,40,feel it still,Portugal. The Man,10202313,https://open.spotify.com/track/6QgjcU0zLnzq5OrUoSZ3OK
40,41,ric flair drip,Offset,10189456,https://open.spotify.com/track/7sO5G9EABYOXQKNPNiE9NR
41,42,candy paint,Post Malone,10139620,https://open.spotify.com/track/42CeaId2XNlxugDvyqHfDf
42,43,anywhere,Rita Ora,10121635,https://open.spotify.com/track/7EI6Iki24tBHAMxtb4xQN2
43,44,congratulations,Post Malone,10024863,https://open.spotify.com/track/3a1lNhkSLSkpJE4MSHpDu9
44,45,so far away,Martin Garrix,9642416,https://open.spotify.com/track/0OlnLZY4cmQzT6ZGttvWBM
45,46,humble.,Kendrick Lamar,9366493,https://open.spotify.com/track/7KXjTSCq5nL1LoYtL7XAwS
46,47,end game,Taylor Swift,9155961,https://open.spotify.com/track/2x0WlnmfG39ZuDmstl9xfX
47,48,filthy,Justin Timberlake,9102783,https://open.spotify.com/track/1L3NV7VrCiuE8C5QlhdeQL
48,49,mi gente,J Balvin,9063155,https://open.spotify.com/track/2rb5MvYT7ZIxbKW5hfcHx8
49,50,se preparó,Ozuna,8970479,https://open.spotify.com/track/1m69ELEgE6k5ZWsap40ozt
50,51,el baño,Enrique Iglesias,8933955,https://open.spotify.com/track/2vvdTrdryjsl8DmPIMDWZU
51,52,unforgettable,French Montana,8753048,https://open.spotify.com/track/3B54sVLJ402zGa6Xm4YGNe
52,53,she loves control,Camila Cabello,8725084,https://open.spotify.com/track/5HwnezK198pJCEj1l2Adjy
53,54,tip toe,Jason Derulo,8654405,https://open.spotify.com/track/2z4pcBLQXF2BXKFvd0BuB6
54,55,stargazing,Kygo,8618515,https://open.spotify.com/track/0Zbbxnx4SGGHoIow4PpISP
55,56,love. feat. zacari.,Kendrick Lamar,8516879,https://open.spotify.com/track/6PGoSes0D9eUDeeAafB2As
56,57,1-800-273-8255,Logic,8452334,https://open.spotify.com/track/5tz69p7tJuGPeMGwNTxYuV
57,58,codeine dreaming,Kodak Black,8244511,https://open.spotify.com/track/4DTpngLjoHj5gFxEZFeD3J
58,59,bank account,21 Savage,8050180,https://open.spotify.com/track/2fQrGHiQOvpL9UgPvtYy6G
59,60,bella,Wolfine,8024738,https://open.spotify.com/track/4R55IUi2x7S5ek2SpebOiE
60,61,mayores,Becky G,7960116,https://open.spotify.com/track/7JNh1cfm0eXjqFVOzKLyau
61,62,all falls down,Alan Walker,7941779,https://open.spotify.com/track/5yFSF6qQA1rcLsQRnBsZgb
62,63,me rehúso,Danny Ocean,7738351,https://open.spotify.com/track/6De0lHrwBfPfrhorm9q1Xl
63,64,motorsport,Migos,7535348,https://open.spotify.com/track/1YZfcVLbbJwfizR5cDOp3q
64,65,attention,Charlie Puth,7534921,https://open.spotify.com/track/4iLqG9SeJSnt0cSPICSjxv
65,66,lonely together,Avicii,7521595,https://open.spotify.com/track/2OALaHcDdKkjYEpAr0Qzab
66,67,i like me better,Lauv,7354703,https://open.spotify.com/track/1wjzFQodRWrPcQ0AnYnvQ9
67,68,sorry not sorry,Demi Lovato,7299907,https://open.spotify.com/track/3m660poUr1chesgkkjQM7P
68,69,for you,Liam Payne,7264288,https://open.spotify.com/track/5hM6sP0Gh1jD57drszNueC
69,70,pick it up,Famous Dex,7221877,https://open.spotify.com/track/3ncgNpxLoBQ65ABk4djDyd
70,71,believer,Imagine Dragons,7197913,https://open.spotify.com/track/0CcQNd8CINkwQfe1RDtGV6
71,72,something just like this,The Chainsmokers,7046175,https://open.spotify.com/track/6RUKPb4LETWmmr3iAEQktW
72,73,the greatest show,Hugh Jackman,7030256,https://open.spotify.com/track/43ay9lQZ5rfNcOOHhRF2cM
73,74,vai malandra,Anitta,7023968,https://open.spotify.com/track/6u0EAxf1OJTLS7CvInuNd7
74,75,perro fiel,Shakira,6996262,https://open.spotify.com/track/70lnL3QaSOIIyMa2X9aVRL
75,76,home,Machine Gun Kelly,6988157,https://open.spotify.com/track/0OI7AFifLSoGzpb8bdBLLV
76,77,bum bum tam tam,MC Fioti,6950132,https://open.spotify.com/track/4zWO4gvuFtw6EJZC5FFGlr
77,78,more than you know,Axwell /\ Ingrosso,6886070,https://open.spotify.com/track/71bBFbfn2OBK5QwUJSLS44
78,79,plain jane,A$AP Ferg,6826820,https://open.spotify.com/track/4dVpf9jZjcORqGTLUaeYj9
79,80,tell me you love me,Demi Lovato,6802171,https://open.spotify.com/track/5Htb1uFQ1KrkFXlefS8oGj
80,81,bodak yellow,Cardi B,6797765,https://open.spotify.com/track/2771LMNxwf62FTAdpJMQfM
81,82,betrayed,Lil Xan,6782255,https://open.spotify.com/track/6NWl2m8asvH83xjuXVNsuG
82,83,que va,Alex Sensation,6539113,https://open.spotify.com/track/7ofxPmTNMj2GP07g1VZa0O
83,84,sky walker,Miguel,6486945,https://open.spotify.com/track/5WoaF1B5XIEnWfmb5NZikf
84,85,báilame - remix,Nacho,6439399,https://open.spotify.com/track/3VClLWqNn80Llv0PJOsKgr
85,86,spotlight,Marshmello,6402322,https://open.spotify.com/track/6VrCmhRBFnuGKmtNfk4jDs
86,87,jocelyn flores,XXXTENTACION,6389648,https://open.spotify.com/track/7m9OqQk4RVRkw9JJdeAw96
87,88,despacito - remix,Luis Fonsi,6384065,https://open.spotify.com/track/5CtI0qwDJkDQGwXD1H1cLb
88,89,naked,James Arthur,6365520,https://open.spotify.com/track/7krbSH3rd8lhIZvuzTV3Bl
89,90,stir fry,Migos,6353429,https://open.spotify.com/track/4fndbjoz1qJyK6JcLdKfzm
90,91,havana - remix,Camila Cabello,6293039,https://open.spotify.com/track/3whrwq4DtvucphBPUogRuJ
91,92,friends,Justin Bieber,6259161,https://open.spotify.com/track/7nZmah2llfvLDiUjm0kiyz
92,93,say you won't let go,James Arthur,6182669,https://open.spotify.com/track/5uCax9HTNlzGybIStD3vDh
93,94,man's not hot,Big Shaq,6171993,https://open.spotify.com/track/2nUJvBO87SkxCViQsLc9Zr
94,95,suena el dembow,Joey Montana,6071807,https://open.spotify.com/track/5TysCiZtv1HnSWcTcUFusI
95,96,a million dreams,Ziv Zaifman,6024970,https://open.spotify.com/track/0RoA7ObU6phWpqhlC9zH4Z
96,97,never enough,Loren Allred,5945594,https://open.spotify.com/track/0Gl5s8IhMmQE5YQwM8Qx1J
97,98,location,Khalid,5920887,https://open.spotify.com/track/152lZdxL1OR0ZMW6KquMif
98,99,there's nothing holdin' me back,Shawn Mendes,5906532,https://open.spotify.com/track/79cuOz3SPQTuFrp8WgftAu
99,100,escápate conmigo,Wisin,5879314,https://open.spotify.com/track/1KSqYYJFyfTecXFk9M0prc
100,101,goosebumps,Travis Scott,5840964,https://open.spotify.com/track/6gBFPUFcJLzWGx4lenP6h2
101,102,robarte un beso,Carlos Vives,5767125,https://open.spotify.com/track/0JcNysfWVWaMS7R6vzGB2k
102,103,all these years,Camila Cabello,5700595,https://open.spotify.com/track/4XLu3tTSZiPFVC9mmuR6Zp
103,104,felices los 4,Maluma,5681215,https://open.spotify.com/track/0qYTZCo5Bwh1nsUFGZP3zn
104,105,sutra,Sebastian Yatra,5631728,https://open.spotify.com/track/5TmZYdHW6HJ9gt7Aokuql5
105,106,strip that down,Liam Payne,5509967,https://open.spotify.com/track/6EpRaXYhGOB3fj4V2uDkMJ
106,107,butterfly effect,Travis Scott,5502221,https://open.spotify.com/track/1yxgsra98r3qAtxqiGZPiX
107,108,i get the bag,Gucci Mane,5500651,https://open.spotify.com/track/1XRgIKC5TPwo7nWGyKqgG0
108,109,consequences,Camila Cabello,5470405,https://open.spotify.com/track/7sTtHHrD0zDpmzQzH3zegz
109,110,the other side,Hugh Jackman,5466160,https://open.spotify.com/track/2cKovq3l6OJjhVVDbVKOsr
110,111,symphony,Clean Bandit,5392458,https://open.spotify.com/track/1x5sYLZiu9r5E43kMlt9f8
111,112,that's what i like,Bruno Mars,5366347,https://open.spotify.com/track/0KKkJNfGyhkQ5aFogxQAPU
112,113,galway girl,Ed Sheeran,5342542,https://open.spotify.com/track/0afhq8XCExXpqazXczTSve
113,114,vuelve,Daddy Yankee,5330150,https://open.spotify.com/track/0lJCqIx5BhZtf6QtYI2fbv
114,115,bella y sensual,Romeo Santos,5321085,https://open.spotify.com/track/0ERbK7qVqveCaBWIiYCrl3
115,116,nowadays,Lil Skies,5304799,https://open.spotify.com/track/2u7mxWSeoqTXndK5e08jMp
116,117,whatever it takes,Imagine Dragons,5281079,https://open.spotify.com/track/4IWAyPf1KMq7JCyGeCjTeH
117,118,quiero repetir,Ozuna,5252736,https://open.spotify.com/track/0MIcPSq9n2z5H8TAfEstri
118,119,in the dark,Camila Cabello,5220504,https://open.spotify.com/track/1GO9vCm5Cra5uWGSWQ5mGK
119,120,photograph,Ed Sheeran,5211141,https://open.spotify.com/track/6fxVffaTuwjgEk5h9QyRjy
120,121,look what you made me do,Taylor Swift,5168779,https://open.spotify.com/track/5troof8mcGO3AafoDbk1gc
121,122,feels,Calvin Harris,5158831,https://open.spotify.com/track/5bcTCxgc7xVfSaMV3RuVke
122,123,go flex,Post Malone,5151913,https://open.spotify.com/track/5yuShbu70mtHXY0yLzCQLQ
123,124,i'm the one,DJ Khaled,5077190,https://open.spotify.com/track/3DXncPQOG4VBw3QHh3S817
124,125,closer,The Chainsmokers,5045787,https://open.spotify.com/track/7BKLCZ1jbUBVqRi2FVlTVw
125,126,wait,Maroon 5,5034246,https://open.spotify.com/track/1Qg9jWGDkKAGZXj5v2OG59
126,127,glorious,Macklemore,5012745,https://open.spotify.com/track/0CokSRCu5hZgPxcZBaEzVE
127,128,fuck love,XXXTENTACION,4947656,https://open.spotify.com/track/7AQim7LbvFVZJE3O8TYgf2
128,129,wild thoughts,DJ Khaled,4945827,https://open.spotify.com/track/1OAh8uOEOvTDqkKFsKksCi
129,130,mama,Jonas Blue,4942991,https://open.spotify.com/track/0NiXXAI876aGImAd6rTj8w
130,131,king's dead,Jay Rock,4936937,https://open.spotify.com/track/51rXHuKN8Loc4sUlKPODgH
131,132,bonita,J Balvin,4899987,https://open.spotify.com/track/693iqPOQvhI7PobtR8CC8v
132,133,thinking out loud,Ed Sheeran,4895007,https://open.spotify.com/track/1Slwb6dOYkBlWal1PGtnNg
133,134,into it,Camila Cabello,4874604,https://open.spotify.com/track/2gxqozTaq2NYylvS8jd57G
134,135,what about us,P!nk,4868195,https://open.spotify.com/track/0Qh38w01QRXK6KHIv0e3hb
135,136,zombie,The Cranberries,4861271,https://open.spotify.com/track/6xy6jNeNTYwjnKTDzMyHw2
136,137,mic drop  [steve aoki remix],BTS,4816009,https://open.spotify.com/track/7Ed6BkggCS2KaKY5YlINaF
137,138,something's gotta give,Camila Cabello,4783614,https://open.spotify.com/track/7IL3UOlcJ6nmcCMwpnlfcA
138,139,bad at love,Halsey,4768431,https://open.spotify.com/track/7y9iMe8SOB6z3NoHE2OfXl
139,140,it ain't me,Kygo,4768059,https://open.spotify.com/track/3eR23VReFzcdmS7TYCrhCe
140,141,roll in peace,Kodak Black,4721686,https://open.spotify.com/track/40oKW22ZNNkEdZLJTScaQI
141,142,dreamer,Axwell /\ Ingrosso,4678509,https://open.spotify.com/track/0RTzJVkunbGwuRjXDFHnjf
142,143,"i don’t wanna live forever  - from ""fifty shades darker """,ZAYN,4670953,https://open.spotify.com/track/3NdDpSvN911VPGivFlV5d0
143,144,wanted you,NAV,4665175,https://open.spotify.com/track/790MhTXPFrYkrqCKvpg4t1
144,145,mask off,Future,4646524,https://open.spotify.com/track/0VgkVdmE4gld66l8iyGjgx
145,146,inside out,Camila Cabello,4644803,https://open.spotify.com/track/5xi2SXmF3A5AIsuGXiUIZu
146,147,without you,Avicii,4634676,https://open.spotify.com/track/6WbADFqMvR8N5u0BvtsWQE
147,148,una lady como tú,Manuel Turizo,4633683,https://open.spotify.com/track/7MHN1aCFtLXjownGhvEQlF
148,149,back to you,Louis Tomlinson,4633160,https://open.spotify.com/track/7F9vK8hNFMml4GtHsaXui6
149,150,despacito,Luis Fonsi,4610849,https://open.spotify.com/track/4aWmUDTfIPGksMNLV2rQP2
150,151,swalla,Jason Derulo,4553922,https://open.spotify.com/track/6kex4EBAj0WHXDKZMEJaaF
151,152,come alive,Hugh Jackman,4536557,https://open.spotify.com/track/5xNUR50KxswPRAvx7S163g
152,153,déjate llevar,Juan Magán,4520818,https://open.spotify.com/track/3xWEI23MLJrD0dpDcDUTW6
153,154,from now on,Hugh Jackman,4505855,https://open.spotify.com/track/3IkWmgGsXbsafrunwPojXO
154,155,issues,Julia Michaels,4505291,https://open.spotify.com/track/7vu0JkJh0ldukEYbTVcqd0
155,156,white iverson,Post Malone,4414589,https://open.spotify.com/track/6eT7xZZlB2mwyzJ2sUKG6w
156,157,one dance,Drake,4406393,https://open.spotify.com/track/1xznGGDReH1oQq0xzbwXa3
157,158,slippery,Migos,4380716,https://open.spotify.com/track/6p8NuHm8uCGnn2Dtbtf7zE
158,159,ghostface killers,21 Savage,4377336,https://open.spotify.com/track/5u6vkDnOyaf8LsteDAj2ub
159,160,too much to ask,Niall Horan,4306168,https://open.spotify.com/track/4v094LQ9eF10k2O2Te2ngK
160,161,starboy,The Weeknd,4302372,https://open.spotify.com/track/5aAx2yezTd8zXrkmtKl66Z
161,162,happier,Ed Sheeran,4283521,https://open.spotify.com/track/2RttW7RAu5nOAfq6YFvApB
162,163,stay,Zedd,4275036,https://open.spotify.com/track/0I20rLT2MJDhcF96AjbNYo
163,164,ahora dice,Chris Jeday,4221563,https://open.spotify.com/track/22eADXu8DfOAUEDw4vU8qy
164,165,dna.,Kendrick Lamar,4202705,https://open.spotify.com/track/6HZILIRieu8S0iqY8kIKhj
165,166,la modelo,Lean Trap,4193036,https://open.spotify.com/track/76DNqvSyzL9VCkhlnByqLf
166,167,dirty sexy money,David Guetta,4186165,https://open.spotify.com/track/0tPQPaOKM32WgMSbPCYyRH
167,168,pretty girl - cheat codes x cade remix,Maggie Lindemann,4175659,https://open.spotify.com/track/1NDxZ7cFAo481dtYWdrUnR
168,169,redbone,Childish Gambino,4174522,https://open.spotify.com/track/3kxfsdsCpFgN412fpnW85Y
169,170,síguelo bailando,Ozuna,4152293,https://open.spotify.com/track/5Y9fnynLlIvqtM710MHzfz
170,171,castle on the hill,Ed Sheeran,4149299,https://open.spotify.com/track/6PCUP3dWmTjcTtXY02oFdT
171,172,3 a.m.,Jesse & Joy,4144913,https://open.spotify.com/track/0yyZN5ASdrYu0XYWFzfxUu
172,173,scared to be lonely,Martin Garrix,4088508,https://open.spotify.com/track/3ebXMykcMXOcLeJ9xZ17XH
173,174,the way life goes,Lil Uzi Vert,4085417,https://open.spotify.com/track/2eAZfqOm4EnOF9VvN50Tyc
174,175,gummo,6ix9ine,4068854,https://open.spotify.com/track/2vjmyyAnDUzilFYxOlTdO1
175,176,your song,Rita Ora,4064501,https://open.spotify.com/track/4c2W3VKsOFoIg2SFaO6DY5
176,177,slow hands,Niall Horan,4046382,https://open.spotify.com/track/38yBBH2jacvDxrznF7h08J
177,178,explícale,Yandel,4046370,https://open.spotify.com/track/1LszjjoVwDDZcWUQbzeDLG
178,179,a different way,DJ Snake,4036116,https://open.spotify.com/track/0Wv5wuenRLI3BcwgT3HPIP
179,180,dembow,Danny Ocean,4030146,https://open.spotify.com/track/2EzRdhuoPyNJDlep7lnNf2
180,181,passionfruit,Drake,4018907,https://open.spotify.com/track/7hDc8b7IXETo14hHIHdnhd
181,182,breathe,Jax Jones,3970105,https://open.spotify.com/track/6tvQzeCPwOytDlBYCIOY0n
182,183,designer,Lil Pump,3895949,https://open.spotify.com/track/1LXbv9jiTtdBdHadZ317Gt
183,184,the weekend - funk wav remix,SZA,3888955,https://open.spotify.com/track/0P6AWOA4LG1XOctzaVu5tt
184,185,sober,G-Eazy,3864901,https://open.spotify.com/track/3qk4wRMDlaeagZGjSYbsOV
185,186,"lose yourself - from ""8 mile"" soundtrack",Eminem,3845265,https://open.spotify.com/track/7w9bgPAmPTtrkt2v16QWvQ
186,187,i feel it coming,The Weeknd,3823818,https://open.spotify.com/track/5GXAXm5YOmYT0kL5jHvYBt
187,188,2u,David Guetta,3815426,https://open.spotify.com/track/3A7qX2QjDlPnazUsRk5y0M
188,189,rockabye,Clean Bandit,3787289,https://open.spotify.com/track/5knuzwU65gJK7IF5yJsuaW
189,190,no promises,Cheat Codes,3784447,https://open.spotify.com/track/1louJpMmzEicAn7lzDalPW
190,191,saint,Huncho Jack,3768492,https://open.spotify.com/track/7foypmc7KZyU716Yv63BPe
191,192,good old days,Macklemore,3762110,https://open.spotify.com/track/2Za1AlJNvksouPPWbXpR2X
192,193,tightrope,Michelle Williams,3752250,https://open.spotify.com/track/0GVuLQtPXFaL18ijEOqoAa
193,194,sign of the times,Harry Styles,3745152,https://open.spotify.com/track/5Ohxk2dO5COHF1krpoPigN
194,195,everybody dies in their nightmares,XXXTENTACION,3707309,https://open.spotify.com/track/3GVkPk8mqxz0itaAriG1L7
195,196,...ready for it?,Taylor Swift,3697147,https://open.spotify.com/track/2yLa0QULdQr0qAIvVwN6B5
196,197,reggaetón lento,CNCO,3676047,https://open.spotify.com/track/5PB8zB1MOZASboLquvinMF
197,198,paris,The Chainsmokers,3665257,https://open.spotify.com/track/72jbDTw1piOOj770jWNeaG
198,199,sucker for you,Matt Terry,3659631,https://open.spotify.com/track/4vkVvmjIiQibQ6zJnC1Q9z
199,200,linger,The Cranberries,3639673,https://open.spotify.com/track/1aLNpg2kKvUncflV8xE5AA
